binary_label,count,mean,median,min,max
0,9476,47.87779653862389,42.0,0,909
1,993,53.620342396777446,47.0,6,512
