split,label_0_no_pcl,label_1_pcl,pcl_ratio
dev,1895,199,0.09503342884431709
train,7581,794,0.09480597014925374
